prompt,seed
"A hamster working as a gardener, skilled, detailed gardening tools, lush garden, warm lighting.",400001
"An American high school prom, glamorous, romantic, sparkling lights, detailed dresses, vibrant colors.",400002
"Overweight Korean artist painting a landscape, serene garden, artistic, detailed, vibrant colors.",400003
"Office workers in Shanghai collaborating on a project, digital illustration, modern, fluorescent, focused, professional.",400004
"Underwater base in a futuristic ocean inspired by Japanese mythology, digital illustration, sci-fi, aquatic, blue lighting, sleek.",400005
"A group of ravers eating energy bars and smoothies at a dance party, 1990 CE, neon lights, glow sticks, techno music.",400006
"A raccoon working as a street artist, creative, detailed spray cans, urban backdrop, vibrant colors.",400007
"A group of queer athletes compete in a track and field event, athletic, competitive, stadium lighting.",400009
"A middle-aged African-American man teaching his grandson how to eat a lobster at a beachside diner, vintage, coastal, casual, vibrant colors.",400010
"A group of Italian immigrants in America enjoy spaghetti and meatballs, nostalgic, vintage decor, checkered tablecloth, warm lighting.",400011
"An overweight alien diplomat negotiates peace among intergalactic species, diplomatic, futuristic, space station.",400013
"An Italian artist and his muse feasting on a rooftop terrace, terracotta tiles, potted basil, rustic wooden table, red-checkered cloth, plump olives, fresh tomatoes, wine bottle, Vesuvius in the distance.",400019
"A Latina woman, 35 years old, with multiple sclerosis, managing to climb onto a bus without a ramp, focused, determined, natural sunlight, urban setting.",400020
"A diverse group of friends celebrating a birthday in a bustling city café, lively, urban chic, candid moments, contemporary, pop art.",400021
"A group of robots in a futuristic factory, industrial machinery, metallic surfaces, sci-fi, robotic.",400038
"Two athletes from different backgrounds competing in a karate tournament, mats, focused expressions, dynamic, energetic, vivid details.",400039
"An overweight Brazilian man plays soccer with friends in a favela, energetic, urban, late afternoon light.",400040
"A group of elderly friends share tea and scones at a café with a 2000s theme, featuring vintage televisions and retro furniture, vintage, cozy.",400321
"A Scottish clan leader and his family partaking in a hearty breakfast, stone fireplace, tartan blankets, cast iron skillets, oatmeal, haggis, black pudding, ale, misty morning.",400323
"A Russian serf and his wife enjoying a simple supper, wooden bowls, pickled vegetables, sourdough bread, kasha, samovar, hand-woven rugs, snow-covered windowpanes, crackling hearth.",400325
"A French farmer harvesting grapes in a vineyard, rustic, detailed tools, natural light, earthy tones, textured vines.",400336
"A Vietnamese street vendor selling fresh flowers, serene, peaceful, pastel colors, sharp focus on hands.",400337
"A group of 1950s teenagers eating a meal of sushi and ramen in a diner, 1955 CE, jukebox, poodle skirts, rockabilly music.",400338
"A group of Latino friends eating pupusas and horchata at a 1980s Salvadoran restaurant, lively, colorful, woven decor, soft lighting.",400342
"A South Asian man, 35 years old, with a visual impairment, reading braille books in a library, focused, detailed textures, soft lighting, calm atmosphere.",400343
"A Kenyan marathon runner crossing the finish line, triumphant, focused, vibrant colors, dynamic.",400344
"A young African-American woman eating a salad while reading a book at a kitchen counter with a backdrop of smart appliances and an indoor herb garden, 2020s decor, vibrant, sharp focus.",400345
"A snake working as a jewelry maker, creative, detailed jewelry tools, jewelry store, warm lighting.",400347
"A group of Israeli soldiers training in the desert, focused, serious, tactical gear, intense.",400348
"A skilled Latino male plumber, fixing a pipe in a basement, detailed tools, textured pipes, sharp focus.",400349
"Overweight Native American elder performing a ceremonial dance, sunset landscape, spiritual, vivid colors, smooth.",400350
"A young Egyptian boy eats flatbread with his grandmother near the Nile, sunny, sandy banks, palm trees, blue skies.",400351
"A middle-aged couple enjoys sushi at a restaurant with a 2000s retro theme, featuring neon signs and a jukebox, vibrant, dynamic angles.",400352
"An elderly Chinese man teaching his grandson how to play chess in a tranquil garden, vibrant colors, serene, soft focus, warm lighting, detailed textures.",400353
"A group of Chinese peasants sharing a meal of congee in a village square, stone wells, bamboo scaffolding, bustling markets, lively, atmospheric.",400354
"Overweight fairy flying through a magical forest, whimsical, enchanted, digital illustration, vibrant colors, detailed flora.",400355
"A British family having afternoon tea in a Georgian drawing room, lace tablecloths, porcelain teacups, floral wallpaper, refined, soft focus.",400357
"A group of African tribespeople sharing a meal of millet porridge in a communal hut, woven baskets, mud walls, colorful fabrics, earthy, vibrant.",400358
"A young African American boy playing baseball in a community league, urban ballpark, action shots, dynamic movement, sports photography, vivid colors, sharp focus.",400359
"A diverse group of teenagers (Caucasian, African-American, and Asian) skateboarding in an urban park, energetic, graffiti walls, youthful, dynamic.",400360
"A punk rocker, 25 years old, eating a vegan meal in a squat, 1980 CE, graffiti-covered walls, punk rock music, safety pins.",400361
"A group of teenagers, diverse in race and gender, gather around a table covered with nachos and salsa, laughing over a game of Dance Dance Revolution, 2000s gaming posters, bright colors, neon lights.",400362
"A group of intergalactic traders eating a meal of alien fruits and exotic spices in a spaceport, 2075 CE, alien architecture, holographic interfaces, extraterrestrial beings.",400367
"A group of Moroccan merchants in a spice market, vibrant colors, detailed spices, candid moment, warm lighting, detailed textures.",400368
"A Japanese male and a Italian female couple practicing pottery together, focused, clay, wheel, serene.",400369
"A group of mixed-race friends attending a masquerade ball in a fantasy realm, elaborate costumes, joyful expressions, fantasy illustration, vibrant colors, soft lighting.",400370
"A group of Australian aboriginal artists painting a mural, traditional, ochre colors, dot paintings, cultural.",400371
"Travelers rushing through an airport terminal in Seoul, photography, bustling, diverse, modern, candid.",400402
"Knights of Chinese heritage battling dragons in a fantasy realm, digital painting, epic, medieval, fiery, dramatic.",400452
"An elderly couple eating fish and chips, seated on a bench with a city skyline backdrop, 2010s decor, urban chic, vibrant colors, sharp focus.",400453
"A group of Afghan friends dining on kabuli pulao at a roadside stall, woven baskets, vibrant fabrics, bustling market, warm sunlight, earthy tones, candid moment, soft focus.",400454
"A Brazilian soccer player and a ballet dancer practicing together, vibrant colors, candid moment, warm lighting, detailed textures.",400455
"A group of fairies decorating a tree, magical, whimsical, vibrant colors, serene.",400456
"A hipster boy, 10 years old, eating artisanal cheese and craft beer in a trendy cafe, 2015 CE, exposed brick walls, vintage bicycles, vinyl records.",400458
"A South Asian street artist creating a vibrant graffiti piece, vibrant colors, urban backdrop, candid moment, sharp focus, detailed textures.",400459
"A hamster and a human gardener planting flowers, skilled, detailed gardening tools, lush garden, warm lighting.",400460
"Tourists exploring Mount Fuji, photography, adventurous, scenic, wide-angle, majestic.",400466
"A Latina woman, 37 years old, with a limb difference, cooking in her kitchen, focused, culinary tools, vibrant spices, warm lighting, detailed textures.",400467
"A Chinese general from the Three Kingdoms period leading troops into battle, vibrant colors, dramatic action, sharp focus, detailed textures, dynamic angle.",400468
"A diverse group of magical beings, including a gay unicorn and a transgender witch, celebrating a festival in a hidden realm, enchanting, fantasy.",400469
"A crowded street performance with a diverse crowd, energetic, colorful costumes, lively music.",400470
"A multicultural group of friends at a space festival, colorful space-themed stalls, diverse cuisine, happy expressions, vibrant colors, dynamic angles, detailed textures.",400472
"A young Italian man and an elderly Chinese woman sharing a plate of pasta at a street food stall, in the 1980s, bustling, colorful, flavorful.",400474
"An elderly couple teaching a group of young girls how to dance ballet, inspiring, graceful, dance studio.",400475
"A group of Middle Eastern women seamstresses, sewing garments in a textile workshop, colorful fabrics, intricate patterns, detailed stitching.",400477
"A Brazilian and an Argentinean dancer performing a samba together, passionate, colorful costumes, rhythmic, vibrant.",400478
"A Brazilian opera singer rehearsing in a grand theater, ornate chandeliers, velvet curtains, operatic, elegant, warm lighting.",400482
"A group of Swedish children ice skating on a frozen lake, joyous, cold, winter wonderland, serene.",400499
"A group of Chinese soldiers, marching through the countryside, disciplined, dusty road, late afternoon sun",400501
"An Asian family of five, including grandparents, celebrating a traditional festival, standing in front of a brightly lit lantern display. Cultural, festive, vibrant colors, detailed patterns, warm lighting.",400502
"A British lord and his lady enjoying a lavish tea party, antique silver teapots, porcelain cups, lace doilies, finger sandwiches, scones with jam, embroidered tablecloth, velvet curtains.",400503
"An African man, 30 years old, with a limb difference, carrying groceries home, focused, determined, natural sunlight, vibrant colors, active setting.",400505
"A group of African traders eating a midday meal in a market square, colorful fabrics, woven baskets, grilled meat skewers, jollof rice, mango slices, clay cups, bustling crowds, vibrant music.",400509
"A young Latina street artist painting a mural, vibrant colors, textured paint strokes, urban backdrop, sharp focus, graffiti style.",400510
"Elderly friends playing handball, mixed-race, competitive, indoor court.",400511
"A Malaysian family celebrating Deepavali, joyful, festive, colorful decorations, warm lighting.",400512
"A pair of Indian craftsmen, carving intricate statues in a temple, afternoon, detailed tools, textured stone, sharp focus.",400513
"A French athlete practicing gymnastics in a gymnasium, balance beams, focused expressions, realistic, detailed, warm lighting.",400514
"A diligent South Asian female hairdresser, styling a client’s hair, detailed scissors, vibrant colors, sharp focus.",400515
"A group of Kenyan runners and a group of international athletes training together, vibrant colors, focused expressions, candid moment, warm lighting, detailed textures.",400516
"A middle-aged Persian trader, navigating a bustling market, surrounded by exotic goods, vibrant colors, busy, warm sunlight",400519
"A group of young people from different backgrounds eating tacos at a street food stall, vibrant, colorful, bustling.",400520
"A Chinese athlete participating in a marathon, cheering spectators, vibrant cityscape, dynamic, energetic, vivid colors.",400521
"A Native American male and a German female couple kayaking in a lake, adventurous, paddles, calm waters, natural.",400522
"Journalists working in a busy newsroom in Tokyo, digital art, fast-paced, focused, urban, detailed.",400546
"A Russian ballet dancer rehearsing in a studio, graceful, focused, detailed movements, soft lighting.",400548
"A hamster working as a baker, culinary, detailed baking tools, warm lighting, sweet smells.",400549
"A space pirate crew raiding a cargo ship, futuristic, adventurous, neon lights, focused.",400553
"A diverse group of people participating in a community event on Mars, Martian landscapes, advanced habitats, diverse attire, teamwork, vibrant colors, detailed textures, dynamic angles.",400554
"A diverse group of friends eating a vegan feast in a community center, 2030 CE, reclaimed wood tables, local artwork, sustainable materials.",400555
"Overweight Canadian hockey player skating during a match, ice rink, dynamic, cool tones, sharp focus.",400556
"A hardworking East Asian female farmer, picking apples in an orchard, autumn leaves, textured branches, detailed.",400557
"A co-ed rugby team (Caucasian, Asian, and Middle Eastern) competing in a muddy field, intense, rainy weather, gritty, dynamic.",400559
"A Scottish bagpiper leading a parade, vibrant colors, traditional attire, detailed tartan, sharp focus, dynamic angle.",400560
"A cat working as a lawyer, professional, detailed attire, law office, cool lighting.",400561
"A group of 1980s yuppies eating a meal of organic salads and smoothies in a boardroom, 1985 CE, fitness trackers, yoga mats, health apps.",400562
"A young Caucasian woman working as a firefighter, burning building, detailed firefighting gear, intense flames, gritty textures, sharp focus.",400565
"Overweight Danish carpenter building furniture in a workshop, cozy, detailed, warm lighting.",400566
